{
  "capital_inicial": 1000,
  "capital_actual": 704.6999999999999,
  "capital_en_riesgo": 295.30000000000007,
  "n_ciclos": 19,
  "ultima_corrida": "2026-05-09 08:53",
  "n_tp": 5,
  "n_sl": 4,
  "n_time": 7,
  "mercados_rastreados": 25
}