{
  "capital_inicial": 1000,
  "capital_actual": 666.6799999999996,
  "capital_en_riesgo": 298.2099999999999,
  "n_ciclos": 140,
  "ultima_corrida": "2026-05-13 21:13",
  "n_tp": 15,
  "n_sl": 29,
  "n_time": 83,
  "mercados_rastreados": 83
}