{
  "capital_inicial": 1000,
  "capital_actual": 974.9299999999998,
  "capital_en_riesgo": 26.929999999999993,
  "n_ciclos": 147,
  "ultima_corrida": "2026-05-18 23:03",
  "n_tp": 5,
  "n_sl": 10,
  "n_time": 29
}