{
  "capital_inicial": 1000,
  "capital_actual": 665.4399999999994,
  "capital_en_riesgo": 331.30999999999995,
  "n_ciclos": 55,
  "ultima_corrida": "2026-05-10 15:10",
  "n_tp": 9,
  "n_sl": 15,
  "n_time": 45,
  "mercados_rastreados": 74
}