{
  "capital_inicial": 1000,
  "capital_actual": 958.0999999999997,
  "capital_en_riesgo": 39.9999999999999,
  "n_ciclos": 131,
  "ultima_corrida": "2026-05-19 12:23",
  "n_tp": 6,
  "n_sl": 11,
  "n_time": 27
}