{
  "capital_inicial": 1000,
  "capital_actual": 641.1599999999995,
  "capital_en_riesgo": 320.8499999999999,
  "n_ciclos": 91,
  "ultima_corrida": "2026-05-11 20:26",
  "n_tp": 12,
  "n_sl": 25,
  "n_time": 65,
  "mercados_rastreados": 80
}