{
  "capital_inicial": 1000,
  "capital_actual": 667.7099999999996,
  "capital_en_riesgo": 294.2899999999999,
  "n_ciclos": 112,
  "ultima_corrida": "2026-05-12 18:05",
  "n_tp": 13,
  "n_sl": 27,
  "n_time": 72,
  "mercados_rastreados": 83
}