{
  "capital_inicial": 1000,
  "capital_actual": 975.6699999999998,
  "capital_en_riesgo": 28.089999999999975,
  "n_ciclos": 270,
  "ultima_corrida": "2026-05-19 09:26",
  "n_tp": 5,
  "n_sl": 11,
  "n_time": 35
}