{
  "capital_inicial": 1000,
  "capital_actual": 935.2899999999997,
  "capital_en_riesgo": 65.3299999999999,
  "n_ciclos": 109,
  "ultima_corrida": "2026-05-17 22:37",
  "n_tp": 5,
  "n_sl": 10,
  "n_time": 26
}