{
  "capital_inicial": 1000,
  "capital_actual": 948.3399999999998,
  "capital_en_riesgo": 54.849999999999895,
  "n_ciclos": 221,
  "ultima_corrida": "2026-05-18 06:44",
  "n_tp": 6,
  "n_sl": 11,
  "n_time": 28
}