{
  "capital_inicial": 1000,
  "capital_actual": 665.8599999999997,
  "capital_en_riesgo": 294.94999999999993,
  "n_ciclos": 79,
  "ultima_corrida": "2026-05-11 06:28",
  "n_tp": 11,
  "n_sl": 25,
  "n_time": 59,
  "mercados_rastreados": 80
}