{
  "capital_inicial": 1000,
  "capital_actual": 975.7299999999998,
  "capital_en_riesgo": 25.3299999999999,
  "n_ciclos": 150,
  "ultima_corrida": "2026-05-18 01:42",
  "n_tp": 5,
  "n_sl": 10,
  "n_time": 27
}