{
  "capital_inicial": 1000,
  "capital_actual": 954.9299999999998,
  "capital_en_riesgo": 46.92999999999999,
  "n_ciclos": 159,
  "ultima_corrida": "2026-05-19 00:01",
  "n_tp": 5,
  "n_sl": 10,
  "n_time": 29
}