{
  "capital_inicial": 1000,
  "capital_actual": 653.3199999999996,
  "capital_en_riesgo": 308.75999999999993,
  "n_ciclos": 90,
  "ultima_corrida": "2026-05-11 19:37",
  "n_tp": 12,
  "n_sl": 25,
  "n_time": 64,
  "mercados_rastreados": 80
}