{
  "capital_inicial": 1000,
  "capital_actual": 647.8499999999995,
  "capital_en_riesgo": 315.6099999999999,
  "n_ciclos": 94,
  "ultima_corrida": "2026-05-11 22:55",
  "n_tp": 13,
  "n_sl": 26,
  "n_time": 66,
  "mercados_rastreados": 80
}