{
  "capital_inicial": 1000,
  "capital_actual": 613.9099999999996,
  "capital_en_riesgo": 349.88999999999993,
  "n_ciclos": 66,
  "ultima_corrida": "2026-05-11 00:54",
  "n_tp": 11,
  "n_sl": 23,
  "n_time": 52,
  "mercados_rastreados": 77
}