{
  "capital_inicial": 1000,
  "capital_actual": 954.1099999999998,
  "capital_en_riesgo": 49.0799999999999,
  "n_ciclos": 233,
  "ultima_corrida": "2026-05-18 07:35",
  "n_tp": 6,
  "n_sl": 11,
  "n_time": 28
}