{
  "capital_inicial": 1000,
  "capital_actual": 571.4999999999995,
  "capital_en_riesgo": 391.5799999999999,
  "n_ciclos": 64,
  "ultima_corrida": "2026-05-10 22:53",
  "n_tp": 10,
  "n_sl": 21,
  "n_time": 52,
  "mercados_rastreados": 77
}