{
  "capital_inicial": 1000,
  "capital_actual": 638.2999999999997,
  "capital_en_riesgo": 322.7099999999999,
  "n_ciclos": 71,
  "ultima_corrida": "2026-05-10 21:41",
  "n_tp": 11,
  "n_sl": 25,
  "n_time": 54,
  "mercados_rastreados": 80
}