{
  "capital_inicial": 1000,
  "capital_actual": 919.6299999999998,
  "capital_en_riesgo": 85.97999999999999,
  "n_ciclos": 359,
  "ultima_corrida": "2026-05-18 16:56",
  "n_tp": 7,
  "n_sl": 13,
  "n_time": 30
}