{
  "capital_inicial": 1000,
  "capital_actual": 659.1599999999994,
  "capital_en_riesgo": 337.5899999999999,
  "n_ciclos": 52,
  "ultima_corrida": "2026-05-10 14:45",
  "n_tp": 9,
  "n_sl": 15,
  "n_time": 44,
  "mercados_rastreados": 74
}