{
  "capital_inicial": 1000,
  "capital_actual": 942.1399999999999,
  "capital_en_riesgo": 62.739999999999974,
  "n_ciclos": 285,
  "ultima_corrida": "2026-05-19 10:38",
  "n_tp": 5,
  "n_sl": 11,
  "n_time": 35
}