{
  "capital_inicial": 1000,
  "capital_actual": 969.2699999999998,
  "capital_en_riesgo": 33.4099999999999,
  "n_ciclos": 127,
  "ultima_corrida": "2026-05-19 12:04",
  "n_tp": 6,
  "n_sl": 10,
  "n_time": 27
}