{
  "capital_inicial": 1000,
  "capital_actual": 661.5999999999996,
  "capital_en_riesgo": 304.88999999999993,
  "n_ciclos": 126,
  "ultima_corrida": "2026-05-13 11:51",
  "n_tp": 15,
  "n_sl": 27,
  "n_time": 76,
  "mercados_rastreados": 83
}