{
  "capital_inicial": 1000,
  "capital_actual": 784.2499999999997,
  "capital_en_riesgo": 216.6799999999999,
  "n_ciclos": 102,
  "ultima_corrida": "2026-05-17 15:32",
  "n_tp": 3,
  "n_sl": 7,
  "n_time": 12
}