{
  "capital_inicial": 1000,
  "capital_actual": 905.9299999999998,
  "capital_en_riesgo": 96.45999999999998,
  "n_ciclos": 234,
  "ultima_corrida": "2026-05-19 06:26",
  "n_tp": 5,
  "n_sl": 10,
  "n_time": 30
}