{
  "capital_inicial": 1000,
  "capital_actual": 940.2099999999998,
  "capital_en_riesgo": 62.9799999999999,
  "n_ciclos": 247,
  "ultima_corrida": "2026-05-18 08:34",
  "n_tp": 6,
  "n_sl": 11,
  "n_time": 28
}