{
  "capital_inicial": 1000,
  "capital_actual": 954.1699999999998,
  "capital_en_riesgo": 49.3599999999999,
  "n_ciclos": 214,
  "ultima_corrida": "2026-05-18 06:14",
  "n_tp": 6,
  "n_sl": 10,
  "n_time": 27
}