{
  "capital_inicial": 1000,
  "capital_actual": 814.1700000000002,
  "capital_en_riesgo": 185.96999999999997,
  "n_ciclos": 83,
  "ultima_corrida": "2026-05-17 03:25",
  "n_tp": 1,
  "n_sl": 3,
  "n_time": 6
}