{
  "capital_inicial": 1000,
  "capital_actual": 966.7999999999997,
  "capital_en_riesgo": 31.2999999999999,
  "n_ciclos": 130,
  "ultima_corrida": "2026-05-19 12:18",
  "n_tp": 6,
  "n_sl": 11,
  "n_time": 27
}