{
  "capital_inicial": 1000,
  "capital_actual": 894.1199999999998,
  "capital_en_riesgo": 111.48999999999998,
  "n_ciclos": 378,
  "ultima_corrida": "2026-05-18 18:24",
  "n_tp": 7,
  "n_sl": 13,
  "n_time": 30
}