{
  "capital_inicial": 1000,
  "capital_actual": 960.2999999999998,
  "capital_en_riesgo": 43.45999999999997,
  "n_ciclos": 273,
  "ultima_corrida": "2026-05-19 09:39",
  "n_tp": 5,
  "n_sl": 11,
  "n_time": 35
}