{
  "capital_inicial": 1000,
  "capital_actual": 651.7499999999995,
  "capital_en_riesgo": 309.2099999999999,
  "n_ciclos": 81,
  "ultima_corrida": "2026-05-11 10:46",
  "n_tp": 11,
  "n_sl": 25,
  "n_time": 60,
  "mercados_rastreados": 80
}