{
  "capital_inicial": 1000,
  "capital_actual": 881.7399999999998,
  "capital_en_riesgo": 118.03999999999994,
  "n_ciclos": 94,
  "ultima_corrida": "2026-05-17 12:54",
  "n_tp": 3,
  "n_sl": 6,
  "n_time": 11
}