{
  "capital_inicial": 1000,
  "capital_actual": 672.9499999999996,
  "capital_en_riesgo": 289.0199999999999,
  "n_ciclos": 113,
  "ultima_corrida": "2026-05-12 19:14",
  "n_tp": 13,
  "n_sl": 27,
  "n_time": 73,
  "mercados_rastreados": 83
}