{
  "capital_inicial": 1000,
  "capital_actual": 963.6799999999998,
  "capital_en_riesgo": 39.99999999999998,
  "n_ciclos": 253,
  "ultima_corrida": "2026-05-19 08:00",
  "n_tp": 5,
  "n_sl": 11,
  "n_time": 34
}