{
  "capital_inicial": 1000,
  "capital_actual": 573.2599999999998,
  "capital_en_riesgo": 432.47999999999996,
  "n_ciclos": 39,
  "ultima_corrida": "2026-05-09 23:06",
  "n_tp": 8,
  "n_sl": 8,
  "n_time": 20,
  "mercados_rastreados": 72
}