{
  "capital_inicial": 1000,
  "capital_actual": 645.4399999999997,
  "capital_en_riesgo": 320.5799999999999,
  "n_ciclos": 131,
  "ultima_corrida": "2026-05-13 15:37",
  "n_tp": 15,
  "n_sl": 27,
  "n_time": 79,
  "mercados_rastreados": 83
}