{
  "capital_inicial": 1000,
  "capital_actual": 860.8099999999998,
  "capital_en_riesgo": 138.03999999999994,
  "n_ciclos": 92,
  "ultima_corrida": "2026-05-17 12:13",
  "n_tp": 2,
  "n_sl": 6,
  "n_time": 11
}