{
  "capital_inicial": 1000,
  "capital_actual": 654.5099999999995,
  "capital_en_riesgo": 309.0199999999999,
  "n_ciclos": 117,
  "ultima_corrida": "2026-05-12 22:40",
  "n_tp": 14,
  "n_sl": 27,
  "n_time": 73,
  "mercados_rastreados": 83
}