{
  "capital_inicial": 1000,
  "capital_actual": 673.5799999999999,
  "capital_en_riesgo": 326.4200000000001,
  "n_ciclos": 24,
  "ultima_corrida": "2026-05-09 14:55",
  "n_tp": 5,
  "n_sl": 4,
  "n_time": 12,
  "mercados_rastreados": 25
}