{
  "capital_inicial": 1000,
  "capital_actual": 828.2099999999998,
  "capital_en_riesgo": 169.80999999999995,
  "n_ciclos": 90,
  "ultima_corrida": "2026-05-17 11:28",
  "n_tp": 2,
  "n_sl": 6,
  "n_time": 11
}