{
  "capital_inicial": 1000,
  "capital_actual": 636.1799999999996,
  "capital_en_riesgo": 325.7899999999999,
  "n_ciclos": 116,
  "ultima_corrida": "2026-05-12 22:10",
  "n_tp": 13,
  "n_sl": 27,
  "n_time": 73,
  "mercados_rastreados": 83
}