{
  "capital_inicial": 1000,
  "capital_actual": 765.0699999999997,
  "capital_en_riesgo": 234.70999999999992,
  "n_ciclos": 97,
  "ultima_corrida": "2026-05-17 13:36",
  "n_tp": 3,
  "n_sl": 6,
  "n_time": 11
}