{
  "capital_inicial": 1000,
  "capital_actual": 955.4799999999998,
  "capital_en_riesgo": 46.379999999999995,
  "n_ciclos": 129,
  "ultima_corrida": "2026-05-18 21:37",
  "n_tp": 5,
  "n_sl": 10,
  "n_time": 29
}