{
  "capital_inicial": 1000,
  "capital_actual": 651.3999999999997,
  "capital_en_riesgo": 316.10999999999996,
  "n_ciclos": 137,
  "ultima_corrida": "2026-05-13 17:54",
  "n_tp": 15,
  "n_sl": 27,
  "n_time": 82,
  "mercados_rastreados": 83
}