{
  "capital_inicial": 1000,
  "capital_actual": 964.8899999999998,
  "capital_en_riesgo": 39.99999999999989,
  "n_ciclos": 280,
  "ultima_corrida": "2026-05-18 10:54",
  "n_tp": 6,
  "n_sl": 12,
  "n_time": 29
}