{
  "capital_inicial": 1000,
  "capital_actual": 975.7299999999998,
  "capital_en_riesgo": 25.329999999999902,
  "n_ciclos": 170,
  "ultima_corrida": "2026-05-18 03:07",
  "n_tp": 5,
  "n_sl": 10,
  "n_time": 27
}