{
  "capital_inicial": 1000,
  "capital_actual": 974.4099999999997,
  "capital_en_riesgo": 28.129999999999896,
  "n_ciclos": 252,
  "ultima_corrida": "2026-05-18 08:55",
  "n_tp": 6,
  "n_sl": 12,
  "n_time": 29
}