{
  "capital_inicial": 1000,
  "capital_actual": 562.4399999999997,
  "capital_en_riesgo": 442.21999999999997,
  "n_ciclos": 38,
  "ultima_corrida": "2026-05-09 22:08",
  "n_tp": 7,
  "n_sl": 7,
  "n_time": 20,
  "mercados_rastreados": 72
}