{
  "capital_inicial": 1000,
  "capital_actual": 960.9099999999997,
  "capital_en_riesgo": 42.2999999999999,
  "n_ciclos": 216,
  "ultima_corrida": "2026-05-18 06:22",
  "n_tp": 6,
  "n_sl": 11,
  "n_time": 27
}