{
  "capital_inicial": 1000,
  "capital_actual": 969.9899999999997,
  "capital_en_riesgo": 32.6899999999999,
  "n_ciclos": 128,
  "ultima_corrida": "2026-05-19 12:09",
  "n_tp": 6,
  "n_sl": 10,
  "n_time": 27
}