{
  "capital_inicial": 1000,
  "capital_actual": 658.5299999999997,
  "capital_en_riesgo": 307.19999999999993,
  "n_ciclos": 139,
  "ultima_corrida": "2026-05-13 20:48",
  "n_tp": 15,
  "n_sl": 28,
  "n_time": 82,
  "mercados_rastreados": 83
}