{
  "capital_inicial": 1000,
  "capital_actual": 956.1399999999998,
  "capital_en_riesgo": 47.0499999999999,
  "n_ciclos": 226,
  "ultima_corrida": "2026-05-18 07:05",
  "n_tp": 6,
  "n_sl": 11,
  "n_time": 28
}