{
  "capital_inicial": 1000,
  "capital_actual": 847.9500000000002,
  "capital_en_riesgo": 153.72999999999996,
  "n_ciclos": 82,
  "ultima_corrida": "2026-05-17 01:01",
  "n_tp": 1,
  "n_sl": 2,
  "n_time": 6
}