{
  "capital_inicial": 1000,
  "capital_actual": 667.5099999999995,
  "capital_en_riesgo": 295.86999999999995,
  "n_ciclos": 104,
  "ultima_corrida": "2026-05-12 11:53",
  "n_tp": 13,
  "n_sl": 26,
  "n_time": 70,
  "mercados_rastreados": 83
}