{
  "capital_inicial": 1000,
  "capital_actual": 895.4699999999998,
  "capital_en_riesgo": 106.91999999999999,
  "n_ciclos": 233,
  "ultima_corrida": "2026-05-19 06:21",
  "n_tp": 5,
  "n_sl": 10,
  "n_time": 30
}