{
  "capital_inicial": 1000,
  "capital_actual": 956.0799999999998,
  "capital_en_riesgo": 47.4499999999999,
  "n_ciclos": 196,
  "ultima_corrida": "2026-05-18 04:57",
  "n_tp": 6,
  "n_sl": 10,
  "n_time": 27
}