{
  "capital_inicial": 1000,
  "capital_actual": 914.2099999999998,
  "capital_en_riesgo": 89.38999999999999,
  "n_ciclos": 402,
  "ultima_corrida": "2026-05-18 20:07",
  "n_tp": 7,
  "n_sl": 15,
  "n_time": 30
}