{
  "capital_inicial": 1000,
  "capital_actual": 581.3599999999994,
  "capital_en_riesgo": 421.81999999999994,
  "n_ciclos": 44,
  "ultima_corrida": "2026-05-10 09:06",
  "n_tp": 9,
  "n_sl": 11,
  "n_time": 38,
  "mercados_rastreados": 74
}