{
  "capital_inicial": 1000,
  "capital_actual": 910.8599999999998,
  "capital_en_riesgo": 94.74999999999999,
  "n_ciclos": 364,
  "ultima_corrida": "2026-05-18 17:20",
  "n_tp": 7,
  "n_sl": 13,
  "n_time": 30
}