{
  "capital_inicial": 1000,
  "capital_actual": 674.0199999999995,
  "capital_en_riesgo": 289.0199999999999,
  "n_ciclos": 97,
  "ultima_corrida": "2026-05-12 04:43",
  "n_tp": 13,
  "n_sl": 26,
  "n_time": 68,
  "mercados_rastreados": 81
}