{
  "capital_inicial": 1000,
  "capital_actual": 924.2599999999998,
  "capital_en_riesgo": 76.3599999999999,
  "n_ciclos": 118,
  "ultima_corrida": "2026-05-17 23:10",
  "n_tp": 5,
  "n_sl": 10,
  "n_time": 26
}