{
  "capital_inicial": 1000,
  "capital_actual": 728.2199999999996,
  "capital_en_riesgo": 271.9799999999999,
  "n_ciclos": 105,
  "ultima_corrida": "2026-05-17 18:28",
  "n_tp": 3,
  "n_sl": 8,
  "n_time": 15
}