{
  "capital_inicial": 1000,
  "capital_actual": 753.3299999999997,
  "capital_en_riesgo": 246.0999999999999,
  "n_ciclos": 98,
  "ultima_corrida": "2026-05-17 13:56",
  "n_tp": 3,
  "n_sl": 7,
  "n_time": 11
}