{
  "capital_inicial": 1000,
  "capital_actual": 663.9199999999995,
  "capital_en_riesgo": 299.37999999999994,
  "n_ciclos": 108,
  "ultima_corrida": "2026-05-12 14:32",
  "n_tp": 13,
  "n_sl": 26,
  "n_time": 71,
  "mercados_rastreados": 83
}