{
  "capital_inicial": 1000,
  "capital_actual": 952.1599999999997,
  "capital_en_riesgo": 48.8999999999999,
  "n_ciclos": 164,
  "ultima_corrida": "2026-05-18 02:42",
  "n_tp": 5,
  "n_sl": 10,
  "n_time": 27
}