{
  "capital_inicial": 1000,
  "capital_actual": 950.4099999999999,
  "capital_en_riesgo": 54.47999999999989,
  "n_ciclos": 291,
  "ultima_corrida": "2026-05-18 11:41",
  "n_tp": 6,
  "n_sl": 12,
  "n_time": 29
}