{
  "capital_inicial": 1000,
  "capital_actual": 963.1499999999997,
  "capital_en_riesgo": 39.99999999999989,
  "n_ciclos": 253,
  "ultima_corrida": "2026-05-18 08:59",
  "n_tp": 6,
  "n_sl": 12,
  "n_time": 29
}