{
  "capital_inicial": 1000,
  "capital_actual": 931.2599999999999,
  "capital_en_riesgo": 73.61999999999998,
  "n_ciclos": 284,
  "ultima_corrida": "2026-05-19 10:33",
  "n_tp": 5,
  "n_sl": 11,
  "n_time": 35
}