{
  "capital_inicial": 1000,
  "capital_actual": 660.8199999999995,
  "capital_en_riesgo": 305.4599999999999,
  "n_ciclos": 122,
  "ultima_corrida": "2026-05-13 08:11",
  "n_tp": 15,
  "n_sl": 27,
  "n_time": 74,
  "mercados_rastreados": 83
}