{
  "capital_inicial": 1000,
  "capital_actual": 908.0699999999998,
  "capital_en_riesgo": 96.73999999999998,
  "n_ciclos": 388,
  "ultima_corrida": "2026-05-18 19:07",
  "n_tp": 7,
  "n_sl": 14,
  "n_time": 30
}