{
  "capital_inicial": 1000,
  "capital_actual": 572.5599999999996,
  "capital_en_riesgo": 389.88999999999993,
  "n_ciclos": 65,
  "ultima_corrida": "2026-05-10 23:56",
  "n_tp": 10,
  "n_sl": 22,
  "n_time": 52,
  "mercados_rastreados": 77
}