{
  "capital_inicial": 1000,
  "capital_actual": 857.6899999999998,
  "capital_en_riesgo": 142.46999999999997,
  "n_ciclos": 88,
  "ultima_corrida": "2026-05-17 10:37",
  "n_tp": 2,
  "n_sl": 5,
  "n_time": 11
}