{
  "capital_inicial": 1000,
  "capital_actual": 944.2599999999998,
  "capital_en_riesgo": 56.3599999999999,
  "n_ciclos": 111,
  "ultima_corrida": "2026-05-17 22:45",
  "n_tp": 5,
  "n_sl": 10,
  "n_time": 26
}