{
  "capital_inicial": 1000,
  "capital_actual": 945.6099999999998,
  "capital_en_riesgo": 59.999999999999986,
  "n_ciclos": 352,
  "ultima_corrida": "2026-05-18 16:21",
  "n_tp": 7,
  "n_sl": 13,
  "n_time": 30
}