{
  "capital_inicial": 1000,
  "capital_actual": 619.6999999999997,
  "capital_en_riesgo": 342.7099999999999,
  "n_ciclos": 70,
  "ultima_corrida": "2026-05-11 02:36",
  "n_tp": 11,
  "n_sl": 24,
  "n_time": 54,
  "mercados_rastreados": 80
}