{
  "capital_inicial": 1000,
  "capital_actual": 946.9099999999997,
  "capital_en_riesgo": 53.7099999999999,
  "n_ciclos": 119,
  "ultima_corrida": "2026-05-17 23:14",
  "n_tp": 5,
  "n_sl": 10,
  "n_time": 26
}