{
  "capital_inicial": 1000,
  "capital_actual": 936.3599999999999,
  "capital_en_riesgo": 66.92999999999998,
  "n_ciclos": 243,
  "ultima_corrida": "2026-05-19 07:11",
  "n_tp": 5,
  "n_sl": 11,
  "n_time": 31
}