{
  "capital_inicial": 1000,
  "capital_actual": 654.4499999999995,
  "capital_en_riesgo": 309.0199999999999,
  "n_ciclos": 96,
  "ultima_corrida": "2026-05-12 01:50",
  "n_tp": 13,
  "n_sl": 26,
  "n_time": 67,
  "mercados_rastreados": 80
}