{
  "capital_inicial": 1000,
  "capital_actual": 663.8899999999995,
  "capital_en_riesgo": 299.1499999999999,
  "n_ciclos": 100,
  "ultima_corrida": "2026-05-12 08:27",
  "n_tp": 13,
  "n_sl": 26,
  "n_time": 68,
  "mercados_rastreados": 82
}