{
  "capital_inicial": 1000,
  "capital_actual": 927.2699999999998,
  "capital_en_riesgo": 73.3499999999999,
  "n_ciclos": 115,
  "ultima_corrida": "2026-05-17 22:59",
  "n_tp": 5,
  "n_sl": 10,
  "n_time": 26
}