{
  "capital_inicial": 1000,
  "capital_actual": 802.7899999999997,
  "capital_en_riesgo": 197.4599999999999,
  "n_ciclos": 99,
  "ultima_corrida": "2026-05-17 14:20",
  "n_tp": 3,
  "n_sl": 7,
  "n_time": 11
}