{
  "capital_inicial": 1000,
  "capital_actual": 915.5199999999998,
  "capital_en_riesgo": 85.0999999999999,
  "n_ciclos": 133,
  "ultima_corrida": "2026-05-18 00:30",
  "n_tp": 5,
  "n_sl": 10,
  "n_time": 26
}