{
  "capital_inicial": 1000,
  "capital_actual": 665.7899999999996,
  "capital_en_riesgo": 295.0199999999999,
  "n_ciclos": 78,
  "ultima_corrida": "2026-05-11 02:54",
  "n_tp": 11,
  "n_sl": 25,
  "n_time": 58,
  "mercados_rastreados": 80
}