{
  "capital_inicial": 1000,
  "capital_actual": 774.2999999999997,
  "capital_en_riesgo": 225.9499999999999,
  "n_ciclos": 101,
  "ultima_corrida": "2026-05-17 15:02",
  "n_tp": 3,
  "n_sl": 7,
  "n_time": 11
}