{
  "capital_inicial": 1000,
  "capital_actual": 589.8799999999994,
  "capital_en_riesgo": 410.1099999999999,
  "n_ciclos": 46,
  "ultima_corrida": "2026-05-10 11:34",
  "n_tp": 9,
  "n_sl": 12,
  "n_time": 41,
  "mercados_rastreados": 74
}