{
  "capital_inicial": 1000,
  "capital_actual": 645.6699999999996,
  "capital_en_riesgo": 315.13999999999993,
  "n_ciclos": 80,
  "ultima_corrida": "2026-05-11 09:04",
  "n_tp": 11,
  "n_sl": 25,
  "n_time": 59,
  "mercados_rastreados": 80
}