{
  "capital_inicial": 1000,
  "capital_actual": 906.8599999999998,
  "capital_en_riesgo": 96.73999999999998,
  "n_ciclos": 406,
  "ultima_corrida": "2026-05-18 20:24",
  "n_tp": 7,
  "n_sl": 15,
  "n_time": 30
}