{
  "capital_inicial": 1000,
  "capital_actual": 955.7299999999998,
  "capital_en_riesgo": 45.3299999999999,
  "n_ciclos": 179,
  "ultima_corrida": "2026-05-18 03:45",
  "n_tp": 5,
  "n_sl": 10,
  "n_time": 27
}