{
  "capital_inicial": 1000,
  "capital_actual": 981.2299999999998,
  "capital_en_riesgo": 22.299999999999905,
  "n_ciclos": 207,
  "ultima_corrida": "2026-05-18 05:44",
  "n_tp": 6,
  "n_sl": 10,
  "n_time": 27
}