{
  "capital_inicial": 1000,
  "capital_actual": 895.6299999999998,
  "capital_en_riesgo": 104.98999999999991,
  "n_ciclos": 108,
  "ultima_corrida": "2026-05-17 22:34",
  "n_tp": 5,
  "n_sl": 10,
  "n_time": 26
}