{
  "capital_inicial": 1000,
  "capital_actual": 668.9499999999995,
  "capital_en_riesgo": 294.0899999999999,
  "n_ciclos": 99,
  "ultima_corrida": "2026-05-12 07:15",
  "n_tp": 13,
  "n_sl": 26,
  "n_time": 68,
  "mercados_rastreados": 82
}