{
  "capital_inicial": 1000,
  "capital_actual": 607.3999999999994,
  "capital_en_riesgo": 390.1099999999999,
  "n_ciclos": 47,
  "ultima_corrida": "2026-05-10 12:42",
  "n_tp": 9,
  "n_sl": 13,
  "n_time": 41,
  "mercados_rastreados": 74
}