{
  "capital_inicial": 1000,
  "capital_actual": 636.1399999999998,
  "capital_en_riesgo": 330.38999999999993,
  "n_ciclos": 130,
  "ultima_corrida": "2026-05-13 14:47",
  "n_tp": 15,
  "n_sl": 27,
  "n_time": 78,
  "mercados_rastreados": 83
}