{
  "capital_inicial": 1000,
  "capital_actual": 904.8299999999997,
  "capital_en_riesgo": 95.7899999999999,
  "n_ciclos": 107,
  "ultima_corrida": "2026-05-18 03:30",
  "n_tp": 5,
  "n_sl": 10,
  "n_time": 26
}