{
  "capital_inicial": 1000,
  "capital_actual": 581.1199999999999,
  "capital_en_riesgo": 422.59000000000003,
  "n_ciclos": 31,
  "ultima_corrida": "2026-05-09 19:34",
  "n_tp": 6,
  "n_sl": 5,
  "n_time": 15,
  "mercados_rastreados": 72
}