{
  "capital_inicial": 1000,
  "capital_actual": 787.0699999999999,
  "capital_en_riesgo": 211.33999999999995,
  "n_ciclos": 87,
  "ultima_corrida": "2026-05-17 09:27",
  "n_tp": 2,
  "n_sl": 5,
  "n_time": 11
}