{
  "capital_inicial": 1000,
  "capital_actual": 666.9699999999993,
  "capital_en_riesgo": 331.9199999999999,
  "n_ciclos": 50,
  "ultima_corrida": "2026-05-10 14:10",
  "n_tp": 9,
  "n_sl": 14,
  "n_time": 44,
  "mercados_rastreados": 74
}