{
  "capital_inicial": 1000,
  "capital_actual": 974.1699999999998,
  "capital_en_riesgo": 29.359999999999904,
  "n_ciclos": 213,
  "ultima_corrida": "2026-05-18 06:09",
  "n_tp": 6,
  "n_sl": 10,
  "n_time": 27
}