{
  "capital_inicial": 1000,
  "capital_actual": 650.3399999999995,
  "capital_en_riesgo": 343.28999999999996,
  "n_ciclos": 59,
  "ultima_corrida": "2026-05-10 16:30",
  "n_tp": 9,
  "n_sl": 16,
  "n_time": 46,
  "mercados_rastreados": 75
}