{
  "capital_inicial": 1000,
  "capital_actual": 945.3999999999999,
  "capital_en_riesgo": 56.459999999999994,
  "n_ciclos": 171,
  "ultima_corrida": "2026-05-19 01:02",
  "n_tp": 5,
  "n_sl": 10,
  "n_time": 29
}