{
  "capital_inicial": 1000,
  "capital_actual": 871.7999999999998,
  "capital_en_riesgo": 126.21999999999997,
  "n_ciclos": 89,
  "ultima_corrida": "2026-05-17 11:20",
  "n_tp": 2,
  "n_sl": 6,
  "n_time": 11
}