{
  "capital_inicial": 1000,
  "capital_actual": 667.1399999999996,
  "capital_en_riesgo": 294.93999999999994,
  "n_ciclos": 89,
  "ultima_corrida": "2026-05-11 19:13",
  "n_tp": 12,
  "n_sl": 25,
  "n_time": 64,
  "mercados_rastreados": 80
}