{
  "capital_inicial": 1000,
  "capital_actual": 982.5899999999997,
  "capital_en_riesgo": 19.999999999999897,
  "n_ciclos": 130,
  "ultima_corrida": "2026-05-19 13:06",
  "n_tp": 6,
  "n_sl": 10,
  "n_time": 27
}