{
  "capital_inicial": 1000,
  "capital_actual": 920.8299999999998,
  "capital_en_riesgo": 82.76999999999998,
  "n_ciclos": 414,
  "ultima_corrida": "2026-05-18 20:58",
  "n_tp": 7,
  "n_sl": 15,
  "n_time": 30
}