{
  "capital_inicial": 1000,
  "capital_actual": 955.1799999999998,
  "capital_en_riesgo": 49.699999999999974,
  "n_ciclos": 279,
  "ultima_corrida": "2026-05-19 10:09",
  "n_tp": 5,
  "n_sl": 11,
  "n_time": 35
}