{
  "capital_inicial": 1000,
  "capital_actual": 946.9099999999999,
  "capital_en_riesgo": 54.94999999999999,
  "n_ciclos": 169,
  "ultima_corrida": "2026-05-19 00:52",
  "n_tp": 5,
  "n_sl": 10,
  "n_time": 29
}