{
  "capital_inicial": 1000,
  "capital_actual": 578.6999999999995,
  "capital_en_riesgo": 386.43999999999994,
  "n_ciclos": 62,
  "ultima_corrida": "2026-05-10 17:48",
  "n_tp": 9,
  "n_sl": 19,
  "n_time": 46,
  "mercados_rastreados": 75
}