{
  "capital_inicial": 1000,
  "capital_actual": 947.2699999999998,
  "capital_en_riesgo": 53.349999999999895,
  "n_ciclos": 116,
  "ultima_corrida": "2026-05-17 23:02",
  "n_tp": 5,
  "n_sl": 10,
  "n_time": 26
}