{
  "capital_inicial": 1000,
  "capital_actual": 662.4499999999996,
  "capital_en_riesgo": 300.92999999999995,
  "n_ciclos": 102,
  "ultima_corrida": "2026-05-12 10:45",
  "n_tp": 13,
  "n_sl": 26,
  "n_time": 69,
  "mercados_rastreados": 83
}