{
  "capital_inicial": 1000,
  "capital_actual": 658.3899999999994,
  "capital_en_riesgo": 338.35999999999996,
  "n_ciclos": 57,
  "ultima_corrida": "2026-05-10 15:21",
  "n_tp": 9,
  "n_sl": 15,
  "n_time": 45,
  "mercados_rastreados": 74
}