{
  "capital_inicial": 1000,
  "capital_actual": 636.5299999999997,
  "capital_en_riesgo": 329.48999999999995,
  "n_ciclos": 133,
  "ultima_corrida": "2026-05-13 16:31",
  "n_tp": 15,
  "n_sl": 27,
  "n_time": 79,
  "mercados_rastreados": 83
}