{
  "capital_inicial": 1000,
  "capital_actual": 624.8199999999997,
  "capital_en_riesgo": 336.3299999999999,
  "n_ciclos": 74,
  "ultima_corrida": "2026-05-10 22:13",
  "n_tp": 11,
  "n_sl": 25,
  "n_time": 55,
  "mercados_rastreados": 80
}