{
  "capital_inicial": 1000,
  "capital_actual": 630.9399999999999,
  "capital_en_riesgo": 369.21000000000004,
  "n_ciclos": 30,
  "ultima_corrida": "2026-05-09 18:05",
  "n_tp": 5,
  "n_sl": 5,
  "n_time": 15,
  "mercados_rastreados": 72
}