{
  "capital_inicial": 1000,
  "capital_actual": 926.8599999999998,
  "capital_en_riesgo": 76.73999999999998,
  "n_ciclos": 412,
  "ultima_corrida": "2026-05-18 20:49",
  "n_tp": 7,
  "n_sl": 15,
  "n_time": 30
}