{
  "capital_inicial": 1000,
  "capital_actual": 667.6999999999997,
  "capital_en_riesgo": 298.8299999999999,
  "n_ciclos": 127,
  "ultima_corrida": "2026-05-13 12:28",
  "n_tp": 15,
  "n_sl": 27,
  "n_time": 78,
  "mercados_rastreados": 83
}