{
  "capital_inicial": 1000,
  "capital_actual": 962.6799999999997,
  "capital_en_riesgo": 39.9999999999999,
  "n_ciclos": 129,
  "ultima_corrida": "2026-05-19 12:14",
  "n_tp": 6,
  "n_sl": 10,
  "n_time": 27
}