{
  "capital_inicial": 1000,
  "capital_actual": 652.0599999999996,
  "capital_en_riesgo": 311.44999999999993,
  "n_ciclos": 111,
  "ultima_corrida": "2026-05-12 16:50",
  "n_tp": 13,
  "n_sl": 26,
  "n_time": 72,
  "mercados_rastreados": 83
}