{
  "capital_inicial": 1000,
  "capital_actual": 693.5799999999999,
  "capital_en_riesgo": 306.4200000000001,
  "n_ciclos": 21,
  "ultima_corrida": "2026-05-09 11:12",
  "n_tp": 5,
  "n_sl": 4,
  "n_time": 9,
  "mercados_rastreados": 25
}