{
  "capital_inicial": 1000,
  "capital_actual": 644.9499999999995,
  "capital_en_riesgo": 321.3299999999999,
  "n_ciclos": 125,
  "ultima_corrida": "2026-05-13 10:25",
  "n_tp": 15,
  "n_sl": 27,
  "n_time": 74,
  "mercados_rastreados": 83
}