{
  "capital_inicial": 1000,
  "capital_actual": 930.8599999999998,
  "capital_en_riesgo": 74.74999999999999,
  "n_ciclos": 353,
  "ultima_corrida": "2026-05-18 16:27",
  "n_tp": 7,
  "n_sl": 13,
  "n_time": 30
}