{
  "capital_inicial": 1000,
  "capital_actual": 940.2399999999998,
  "capital_en_riesgo": 60.379999999999896,
  "n_ciclos": 137,
  "ultima_corrida": "2026-05-18 00:47",
  "n_tp": 5,
  "n_sl": 10,
  "n_time": 26
}