{
  "capital_inicial": 1000,
  "capital_actual": 954.4299999999998,
  "capital_en_riesgo": 49.24999999999998,
  "n_ciclos": 262,
  "ultima_corrida": "2026-05-19 08:45",
  "n_tp": 5,
  "n_sl": 11,
  "n_time": 34
}