{
  "capital_inicial": 1000,
  "capital_actual": 639.6999999999997,
  "capital_en_riesgo": 322.7099999999999,
  "n_ciclos": 69,
  "ultima_corrida": "2026-05-11 02:24",
  "n_tp": 11,
  "n_sl": 24,
  "n_time": 54,
  "mercados_rastreados": 80
}